{"cameraMode":{"drawMode":0,"name":"Shaded","section":"Shading Mode"},"sceneLighting":true,"audioPlay":false,"sceneViewState":{"showFog":true,"showMaterialUpdate":false,"showSkybox":true,"showFlares":true,"showImageEffects":true,"showParticleSystems":true},"in2DMode":false,"pivot":{"x":1.4898343086242676,"y":2.473100423812866,"z":9.436304092407227},"rotation":{"x":-0.11611580848693848,"y":-0.3517063856124878,"z":0.04402061179280281,"w":-0.9278372526168823},"size":5.7817487716674809,"orthographic":true}