{"cameraMode":{"drawMode":0,"name":"Shaded","section":"Shading Mode"},"sceneLighting":false,"audioPlay":false,"sceneViewState":{"showFog":true,"showMaterialUpdate":false,"showSkybox":true,"showFlares":true,"showImageEffects":true,"showParticleSystems":true},"in2DMode":false,"pivot":{"x":0.0,"y":0.8899286985397339,"z":0.000002592802047729492},"rotation":{"x":0.04996403306722641,"y":-0.9376575946807861,"z":0.308650404214859,"w":0.15177875757217408},"size":1034.4979248046875,"orthographic":true}