{"cameraMode":{"drawMode":0,"name":"Shaded","section":"Shading Mode"},"sceneLighting":true,"audioPlay":false,"sceneViewState":{"showFog":true,"showMaterialUpdate":false,"showSkybox":true,"showFlares":true,"showImageEffects":true,"showParticleSystems":true},"in2DMode":false,"pivot":{"x":-0.11998632550239563,"y":4.40000581741333,"z":-9.89898681640625},"rotation":{"x":-0.07182604819536209,"y":0.9111526012420654,"z":-0.17996320128440858,"w":-0.363669216632843},"size":19.456928253173829,"orthographic":true}