{"cameraMode":{"drawMode":0,"name":"Shaded","section":"Shading Mode"},"sceneLighting":false,"audioPlay":false,"sceneViewState":{"showFog":true,"showMaterialUpdate":false,"showSkybox":true,"showFlares":true,"showImageEffects":true,"showParticleSystems":true},"in2DMode":false,"pivot":{"x":17.5087890625,"y":4.31103515625,"z":-2.789794921875},"rotation":{"x":0.013960876502096653,"y":-0.9142789840698242,"z":0.0315425731241703,"w":0.4036591947078705},"size":1.8368700742721558,"orthographic":true}